PC1,PC2,PC3,PC4,PC5,PC6,PC7,PC8,PC9,PC10,Predicted_Age,Actual_Age,Abs_Error
-1.412313813578858,-0.39983798013463123,-0.19588801918770488,1.0499551981510582,-2.532448628939225,0.544519480419443,0.19718895250272342,-0.6911928765523774,-0.3068925213145774,0.5495475553165955,10.01,10,0.01
0.1776386523748204,2.6156570114127766,1.9062019125694851,1.9855131467417317,-0.6584315142080825,-0.07543243362810195,0.16015543915377115,-0.7524486649715475,0.9333957229193388,0.4948538039659529,21.03,21,0.03
3.691933632819462,-2.2298537691929075,-4.071350463728028,2.442960413247872,0.05887668608646744,2.0164946020592636,2.090746251772111,1.4799029738473681,1.4435072760926473,1.5094784753269432,43.03,43,0.03
-3.378579971784623,-0.46007490468517415,-0.2793672685457668,0.16056021221760602,1.3871784410550108,-0.3342652774260023,-0.014930594722847648,0.20218418972704927,0.9440542565165732,0.22977376768303617,17.95,18,0.05
-1.5641808080118855,-1.6176950795547624,-2.0880476642016728,2.9588474336328714,-0.29627101628371255,0.2695143152132503,2.0619667394538235,0.030260752988084737,0.7416453364255408,-0.2529002936210089,12.08,12,0.08
0.9204376929350221,-0.06949182390901143,1.418610234881299,-0.8025975078198788,-0.49343697902182926,-0.026491073268053097,1.325818203329306,-0.761676600485076,-0.5423817410119565,0.059422787830869975,26.13,26,0.13
-0.48221449481227513,-0.4504019136449578,0.29568078232903044,-1.3848257936604813,-2.3959839391173614,-0.33505169582260924,0.8179389044627685,-0.9323017982954869,-0.5835021965204199,0.018550567321392958,12.87,13,0.13
-3.051086195252323,-0.7946101828104889,1.3376287140408334,-1.1975712292942082,0.3859461125815307,1.5469258600992315,0.9430226503875334,-0.4105063720823979,-0.12121243118353153,-1.3114651284367684,11.86,12,0.14
0.13563639763353513,2.8297447693503615,-1.0760852242283143,-1.8811289878375599,0.02257996983143195,-0.7261335780829592,-1.5610137150200463,0.48175823578832083,0.151632933007627,0.7558458805845689,29.84,30,0.16
0.4876419889041579,-0.3506408143502249,-0.7551757556695923,-1.6144486657639503,-0.6650733965751304,-0.175931558036487,2.128204104175343,-1.4682598923762948,-0.07410852939176638,0.27322631567229505,22.79,23,0.21
1.961774350234018,1.1701049081353754,-1.5499643819121012,-3.979194128821883,0.4183088348055675,-0.5493522080288568,-1.44152028882035,0.468907671888686,0.4578282895201692,0.7813473948395332,41.7,42,0.3
2.0159288041848855,1.1542435372179498,-2.5658150409714136,2.4103473592474383,-3.0836543145124113,-1.371274792545827,-0.7178179964576376,0.2117394731476967,0.0715459610534699,-0.9372968464362459,24.38,24,0.38
1.951621398787382,0.7398925355286998,0.6159376096024028,0.3659521871086241,0.012625949177019837,2.0486193679947102,-0.4624813838278947,-0.6807774561081923,-0.47367834729641783,-0.26248106719448616,36.61,37,0.39
-2.60706967415071,-0.8016519750835049,1.656616419371145,2.624983130637074,0.3626337545527002,-0.1565139969102445,-0.3743986200540775,-0.05875246975338154,0.9780932195092104,-0.049006823478532635,13.61,14,0.39
-1.8079912842050496,0.09398582969895684,-0.7919306844820528,1.355876773381083,-1.4068000297586987,-1.3063342870428216,1.8911535124762868,-0.8636416112087603,0.25351240882681925,-0.3963979733044996,6.41,6,0.41
1.6786205943885972,-0.13810265383485493,-2.9112947070479995,-2.322441187810914,-1.7032105473543657,-2.4134860618914282,-0.8074799766849275,0.014311190222817512,1.7084258912774455,-0.38417323629621297,29.43,29,0.43
-1.5169945338471331,2.5191403676981974,0.497279102549164,-0.1810084306671751,-2.5193245150231336,0.7965574352199295,-0.8722656230344954,0.498539958472668,-1.0476557803346638,-0.20309486064480597,9.45,9,0.45
0.7695478922677509,1.4130849933603575,2.079375332038428,1.299295898139538,0.7275567377982823,0.2543870166843772,1.0950134058493588,-0.5859155814792307,1.0792056169846638,0.5520079047567121,28.55,29,0.45
2.313718126640829,0.13894379558495254,0.8553465346256836,2.9727310883652547,1.2296906988931855,-0.14050067532043817,0.014400189530043898,-0.3819441142622714,0.42121765924019594,0.29436924872707404,38.54,39,0.46
1.0234307601183898,2.779310258014006,-0.7834946422868129,-0.430658076016103,2.62285202706978,-0.2324112005556697,-1.3892893076016277,0.1628174768443523,0.35895505046611337,0.6962175027421615,43.52,44,0.48
-0.823524787912296,2.6606216310710753,-1.9677930333690032,-0.19953240090342333,-0.5907080062892103,0.0910136152339363,-0.9954024299913747,0.5794065530648226,-1.0720383044081077,-0.19509191855916694,20.49,21,0.51
-2.1778398253355435,2.683201569746659,1.0193126199429785,-0.8212206147525946,0.4640299535732188,-0.20284717194514995,0.19025893001941382,0.20588705628234352,0.14150559421703462,0.2981093438748856,15.63,15,0.63
-0.811944497600846,1.503951294684122,-0.7243250440823207,2.786415264258751,-1.0683215681193539,-0.4807841529331003,0.5851101340090509,-0.41515787288035644,-0.20997644650165587,-0.6746996166174591,15.64,15,0.64
2.3339551499995994,0.31023233443323706,-3.691617792718133,0.5194761955964091,1.4878034489036362,-0.21695795713382407,-1.2393167278104804,-0.2744532264454816,-1.6713193404672755,-1.0532663958884136,45.68,45,0.68
0.9122496077084313,1.5136410841035952,1.3755175548413103,2.1803162554221704,0.9668634804228349,1.252594949649394,-1.0844478535000235,-0.28960605727184086,-0.04324293360059458,-0.4165670610304989,34.29,35,0.71
-1.799503744413627,1.3984799211502021,2.4268247554122517,2.429030514503603,-0.2699459557898627,1.1721523058076846,-1.0795787033779343,-0.07448194080473763,0.4520343953046153,-0.258121335227838,17.79,17,0.79
-0.9934329914268927,0.07720203635753269,-1.9758916304323908,0.6875358266857781,1.585658328556827,-1.3003958876780495,0.47292672876065367,-0.2554766958374537,0.5304969733159087,-0.6295753274199172,24.16,25,0.84
-7.458045492515103,-0.005805469209217067,3.8360810938727425,0.5211923436702444,0.33846642858772197,0.8707990638888352,-3.8090397089964974,1.967626181278416,0.7282978931107915,0.7363658232611019,12.85,12,0.85
5.4148351086562165,3.4575638038656638,4.646484381756307,-0.16091473074325127,1.0446114806462194,-2.4242269598622745,-1.059662806875693,1.3804918091451246,-0.37610195145608194,0.593305541856793,50.86,50,0.86
-3.067644718061683,-2.2382125170770104,-0.9779132791920013,-0.30654962572348216,-1.5819952165315174,2.1214079001431854,0.48543091930901294,0.05428629855063569,-0.7840040744110162,0.6596405551632113,11.11,12,0.89
4.849455321355629,-1.2937064510759286,-0.3030095051936051,-1.0835357078408367,0.5478414092382912,2.672844540991497,2.4405815613269906,0.22597394096488266,0.5643002433629727,0.8245552822499096,49.08,50,0.92
3.9169150564274817,-3.4446687046191102,-6.243620122712193,4.198384245822065,0.07918425810093416,-0.4389082223469119,-1.8718502510536053,1.019999491956592,-0.22517127890587463,-0.015561001787824245,49.03,50,0.97
3.043648321953988,-1.7968506146074072,-4.52602795254957,0.9820980428837056,1.8665705037491254,0.6371505063106951,0.7744309211156534,0.5295326045319421,0.652330586889432,0.98939101054069,47.97,47,0.97
-3.3615107517931486,-1.17330132990668,-0.7150120045335552,-1.1873285386520427,1.0368069755203912,-1.728555211024122,-0.2766786657574001,0.040830496527180266,0.17761245216254,-0.4177731725534923,14.07,13,1.07
0.4229281439208272,-2.3002787120689816,3.6357704645124116,1.0838705806020101,-1.0936602181803292,-0.08883051452050886,-1.0006193761524518,-0.4814064674875757,0.2097586865594019,1.473608594225727,27.09,26,1.09
-3.287838495161951,-0.6177772740481899,-0.11538111359566834,-0.44226951998883945,2.350444805833632,0.9643619019400357,0.04225924031887875,0.527474471706447,-0.24845850129839783,-1.496484031476199,19.87,21,1.13
-4.306838123337151,0.5409678161163457,0.5648160540095771,3.4796874103347717,-1.4515703172001095,0.7960370677913088,-2.1953774337054233,1.2502736589931676,0.27707039915610326,0.5754658066323567,9.8,11,1.2
-0.8522219551108106,-2.08472361480845,-1.0335430673718795,-2.957450911679331,-1.8413089959400444,1.2732535555810636,-1.0407359808204981,0.26737425910150564,-0.41475046471186205,0.770089693099248,20.73,22,1.27
-1.1479413209038918,-0.8286583888560481,-0.6061561585881475,-2.800629262063382,-0.8069248140452041,-0.8951934308969375,-1.0853808391342004,0.1837567334814341,-0.05663076758553264,-0.14770780896101493,19.72,21,1.28
-1.711654430225556,-0.07009493487818853,-0.13637285430631574,-0.45965459240449325,1.9430312247075732,0.7461473572216796,-0.5162541900032769,0.1491997290566928,-0.1437417837759515,-0.556400602362477,28.68,30,1.32
-3.8472336735737533,-3.080640172889059,1.9152490659674275,-0.5231726780985991,1.2207062568224105,0.11801759836103509,0.4241839489966426,-0.15787406020648898,0.7218534925403983,-0.8400893322311214,14.34,13,1.34
-1.3434167417042027,2.00081444938897,0.2614717018291946,3.391795111440139,1.9000343253931666,1.061227028971024,-0.5046065496427038,0.26486693842036,1.0451669375148833,-0.4103500004443637,28.35,27,1.35
0.8317960459126793,0.08656002229288058,-0.15378394782223653,4.109968264648479,-1.5574948834952742,0.9003978051456157,-0.01715275111038519,-0.30661636402467773,-0.7607993334071315,-1.1217960688804909,20.6,22,1.4
-4.534961397265751,-1.1509328078420114,-1.3076767483287783,-0.49353603165822685,-0.12704266633823058,-2.265679191008051,1.3884103352890307,-0.28119130032301937,0.7270347220012624,-0.4504446894749381,4.41,3,1.41
-1.4440292152313905,-1.1297339951882615,1.6034430983042676,1.8398785154865795,-1.7083564474896642,0.2465385673761329,-0.5132768055538117,-0.5727857773076221,-0.27138935838875883,0.1890085916240939,14.57,16,1.43
-1.3462474854199526,2.5796986148720915,3.4162533776393875,0.719669665812701,-1.8599212928609044,-1.4538639178165267,1.3564643418752276,-0.6355526957645663,0.9371606336615922,0.30712078853857155,6.53,5,1.53
2.210097685045134,2.1990756535362794,-2.5115921039359,1.420712089191734,-0.3883156198543541,-0.3140236567624255,1.8994002392464695,-0.4842978331247137,-0.06685012517222252,0.25331691529787675,27.42,29,1.58
-0.5154737397397533,3.7944311193936127,-1.6065525823879316,1.8832126851924333,-0.3564330202344398,0.3527016817213462,-0.585907949371692,0.5353228622521109,-0.6972155995139176,-0.6365878937251781,21.65,20,1.65
-2.1891460488303136,-2.174883141528882,-4.598302732832336,-1.3012699938093613,-1.4487430402370767,-1.217188745728958,0.21762294930238427,-0.5518245708352246,0.21693376777447154,0.8318491383291874,12.31,14,1.69
-1.01110520001796,-0.5017166979367219,-0.5660986336406547,-0.5303172171008065,2.550262905606442,-2.0398857925643874,-1.377113958775509,-0.4605802099205989,1.1733443626895268,0.16023301949825647,38.73,37,1.73
1.874582794674319,0.3743295195938633,0.2611432396156876,1.945004993373632,1.6651647024254024,1.2872843293576717,-0.8598803442584521,-0.6559982398877409,0.4424456065159157,0.4581078685821369,48.22,50,1.78
-3.1756119385145936,-1.6042658863426753,1.020120172715506,-1.9198260340787765,0.062239355907549435,0.9723086102816312,0.4072760239026031,-0.0495619168307217,-0.43338072032739056,-0.6129520202586487,13.81,12,1.81
-3.688559876414699,2.906458871706997,0.8015252941699221,-1.707422919653249,0.6015142525756505,-1.2482143440700146,-1.3711377031957537,0.8631886101212709,0.9716224435830517,1.135314459163765,17.12,19,1.88
-4.160782854874204,0.693207235763668,-0.25935490657993426,-0.2550050337167014,0.9243009455844639,-1.1361199764759942,0.553258507128355,-0.05378335537662021,1.387471244803726,0.26650135601362596,9.07,11,1.93
-1.7877384902842612,-2.8506748762840806,-0.17003117215366537,3.8045865723138506,-2.5232732200013457,-0.304059360546999,-1.093441964335043,-0.333729109247184,-0.6403111711434772,0.20645224430328737,14.95,13,1.95
0.1010211742867053,-1.6266589284790953,-2.1990841729100663,-3.3396080658179104,-0.6092301645249856,-1.4048483427918441,0.919551378006547,-0.5599589894216632,-0.6034896740187566,-1.7054575192555665,20.98,19,1.98
0.19424817389458887,2.920638773502447,-1.2638563939322134,0.7057659826953671,-0.7760093068767673,-0.09769416257393654,1.2560547512890368,-0.9071282665604452,0.3288819516233307,0.7050228379779222,19.01,17,2.01
-1.353903798662375,-1.6528433472003177,-1.327227705168557,2.0127538477522524,0.9061922976894938,-0.9033922598868438,-0.5665234729159174,-0.29784623331747206,0.09382925166753012,-0.2637894493505886,24.03,22,2.03
-1.996102340102578,-4.476989873070959,-0.467927129231734,-0.03437919489342141,1.725830732808035,-2.1595897828435917,-1.5945703878971826,-0.5504743818598211,0.583159123223582,0.23138467385687422,33.06,31,2.06
0.7338867161724616,-1.5190165398909141,1.4414719456093785,-0.04818820277238106,1.8796844605066867,-1.297080711071779,0.4142738949427778,0.008677910159342238,-0.23854033390908022,-0.0744644797000149,38.07,36,2.07
-3.1689076718417777,0.1444224111992671,0.697426176281539,-1.4911256494522955,1.1952458989456185,-0.04778285150094768,-1.0142527274408817,0.432044555370741,-0.033241934651226594,0.022640385910655158,18.89,21,2.11
4.793956735867707,-0.29081987746998267,-0.8889760649072673,0.18858530453131217,1.1189996757817666,1.6527109258853843,0.5165381796771136,-0.21233250107877494,-0.008675591158829307,0.6306131451812559,48.84,51,2.16
-3.7792871011064726,0.23762117718069792,-0.8498564623836011,2.370588704765249,-1.1904849517238416,0.36852288607929334,-0.3741451797078235,0.7141501692214968,-1.1537443288946583,-1.1713727260682156,4.84,7,2.16
-0.5953061402232297,-0.25046795166408614,1.9677434431345797,3.0899683601646157,0.7737469190901322,0.2583921000106662,-0.6469884608415063,-0.5521309225337936,1.1631368114604441,0.6539691538978258,29.16,27,2.16
-4.457061968313525,1.9436992511469218,1.4916274802610383,2.6235024876298874,0.09155709267596913,1.1804440196096606,-1.6190092377305727,1.5499274470403328,-0.6553672951127512,-1.4761814205171107,13.17,11,2.17
-2.1827167427222705,2.8124536237919933,-0.33004314988686984,0.7874070991390344,0.8269711915336931,-1.0451447567560335,0.1137972866108232,0.4326734955095504,0.30127486827697025,-0.5579959276976619,13.8,16,2.2
-1.877908065344407,1.7376000104996612,-2.171632463198181,-0.39116232598645384,-0.4520636510280408,-2.32521163631236,-1.0200733408907623,0.4328282991073805,0.06290321934301797,-0.0047288570085589985,13.79,16,2.21
-1.6441448605309497,0.8079440015028717,-0.041217816842161095,0.2293707519874994,0.8352261376369369,-0.13242414070700437,-0.9698736521038953,0.28499062867563546,0.6043305259850461,0.3167984981854299,21.78,24,2.22
-3.074395290630836,0.7161418760928557,-0.6654525609325161,-0.8428624554529651,-0.9388368092677016,0.29781994211407203,1.8636510714735826,-0.34092726523851963,0.13714442444796707,0.18328163738398778,4.74,7,2.26
-4.434821812979992,1.72336431984249,2.122686785979522,0.31394493994554834,1.5375901560642442,-0.2466840872842825,-0.6033209754878313,0.6037283817667031,1.3039260656179603,0.09756638525944634,16.33,14,2.33
-2.798976367114171,-0.5416027077039615,1.9705162810724866,1.0766437336252037,-0.17901443984878768,-0.47594950454634805,-0.7173467863844184,-0.28387452174508143,1.087722190494303,0.36195603321466496,13.66,16,2.34
3.430848657566068,1.8281058154554202,-2.9485919364951747,1.5200863366603246,0.6945122730225227,1.7426864605720012,0.7269631489846092,0.5096697427224575,0.3142434314148155,1.0081201695633657,43.39,41,2.39
1.0783088602879498,2.504017197297411,-0.6450250765687079,1.5865299563384683,0.7186750783298748,0.6919116578129423,-1.4650328233843974,0.27550129469663837,-0.6457774814582513,-0.20041586715692428,35.49,33,2.49
-3.0105866675326207,-3.6023367207437684,0.008153504964074097,-1.3942797244611855,1.4111882642955629,0.5653302174048384,-1.04229923533229,-0.22501476668491452,0.11349211188943528,0.12448580870167217,22.48,25,2.52
2.8108674007926893,-2.559444737242614,-2.0691747840313117,-0.7665750546608133,3.156199727063005,-1.7804833885513722,-1.3169835374002405,-1.065762482089651,0.3030622926597017,0.45421910809145877,55.58,53,2.58
-5.542970774813412,-1.6899604579665748,1.8884517795777551,-1.8442433648463936,-0.7306933548622874,1.1783260660777604,1.2543512630900142,0.12968578677531561,0.3628865454250788,0.38969579655841885,7.4,10,2.6
0.07228715902722836,1.264702866021508,1.5140261861735282,-1.7020965753592,-1.757215579288914,0.9998041405935829,1.030330616525402,-0.8082176776632798,-0.6510870954271815,-0.5212283013183948,14.35,17,2.65
9.259229523264642,1.0584024142661848,1.0766897943789664,-2.7596504175067147,-0.5573152243789452,-0.42424999974856353,1.186207618477754,1.4848069834458384,0.8532807713005558,0.4024871954336232,63.68,61,2.68
-2.6197683582655764,-2.6583024488351175,-1.2683297739980937,-0.7499412106295535,-0.2565214113022568,0.15194539626230158,3.567225178850168,-0.6122363097203714,0.50222445915431,-0.7504692413133285,9.69,7,2.69
-5.5950227894705185,2.0959943361714766,1.6420557371371043,-0.8902988432377436,0.7659795131732019,0.36674705237158,-1.0449038413641178,0.9754726708719759,0.8557742617438555,0.38957348817266557,9.3,12,2.7
3.813704928293375,-1.5717309710686886,0.048612290238063544,-0.24385195643717394,0.6197644554677508,0.06347896122965199,1.5851077965806177,-0.038748181585580896,0.12629823997357334,1.0565336590916898,41.25,44,2.75
-2.6406127226032576,-0.042191121247280985,-4.68816189937731,2.5727688580806847,0.4167133045845727,-0.6427192796563881,-1.4628872483407267,0.42220992678124425,0.07144014171605696,1.4093765618469862,19.79,17,2.79
0.9197278081240164,1.5388319140171847,3.0530690771893605,-0.434769833332045,0.9622780851590366,0.7809372316372696,-1.2028630868659325,-0.6894025736962884,0.1495333453684431,-0.19705974013064617,35.14,38,2.86
-2.0052571117587568,-2.55571626444064,-1.4661673381621076,-1.8047699720875048,0.9420857403386089,0.7070198489799505,3.59610028643397,-0.4849948688544984,1.1281447365534643,-0.1657327203144915,15.87,13,2.87
-4.9165215082895095,2.1090121174878704,1.6577734541770968,0.4703171705118556,1.1379725745518263,1.204965242921556,0.2601540080026201,1.2267734789970983,0.7349749773764566,-0.31073481850550627,11.91,9,2.91
-5.039518385205572,1.2632177924366519,-3.781224335000212,1.4708212712078297,-1.3414704568082338,0.13454294334122355,0.7721087193562722,0.8539878900030241,-0.2730211274487473,0.39806259778561104,3.93,1,2.93
-1.309256865247216,1.30700174563599,0.5759224056959217,-0.6310616780145784,-1.3150711855848765,-0.03848489638233152,1.9433268218148347,-0.6495636859331425,0.20661196000791096,0.28892512858495634,10.96,8,2.96
-1.093842696812075,5.6606152761513515,1.728541032143004,1.4898132340165242,-1.2140160858001072,0.23421286504854907,-0.26348387470656054,0.47643001608002966,0.5054039930901361,-0.32931641165780634,12.96,10,2.96
2.98539755148116,1.2601474413522455,-1.0985608593640914,-1.858775657445709,0.2945672134533164,-0.4072867757963171,-0.9152587777653038,-0.45970385050234613,0.18991320856043398,0.6327280135495593,43.03,46,2.97
-1.0078171459418592,-0.04276808309154006,1.0889024038553072,-0.3001663271536743,-1.9148820139192704,-1.4510426658167637,1.2779589890120153,-0.9815397359801872,0.19782349760791446,0.9698928943651074,10.0,7,3.0
-2.0273643897736098,2.530092239256181,-1.2944037563486666,0.530404039069563,-0.722030440959529,-0.3596958596859221,0.10895676568634702,-0.09433242416396102,0.553337370569795,0.8754885363940134,10.0,7,3.0
-5.226222493744221,-1.5641014671577391,-0.27902654128787363,1.6761332652890202,1.2273190447012932,-0.8953540956166051,-0.45980951394374636,0.5872825880997304,0.7518176538421225,-0.12047526199621485,14.02,11,3.02
-4.469055009151205,-1.6061695413849209,-1.2791903554476194,-3.0273407692626737,-0.9425929160993649,1.9072018323560258,-0.08808051043919407,0.37430924908539487,-0.42237616155495195,1.567618486264346,10.03,7,3.03
1.2523409964834082,-1.185828181429053,0.6356690547947608,2.0025704199763004,0.8057368535198275,1.748088020096767,-1.4935518652122983,-0.6831551008768019,-0.2870439026947559,-0.6033604875332083,40.96,44,3.04
-0.037252407775365384,-2.383139810414567,-0.22172753286959263,0.14099194585289285,0.5163851976505246,-0.8627040739909742,-0.685447252080972,-0.900601376808709,-0.2738199284243203,-0.4747301886025349,32.94,36,3.06
-3.782835565523357,-1.2563577224963005,0.43695719599292654,3.13670828258443,-1.638641803225098,0.5362548130656172,-1.0749777349950558,0.571182257088087,-0.6911318146607286,-0.1728344987149517,7.9,11,3.1
-3.641100844867427,-1.954043751275243,-1.7144985960577719,0.8134686134193914,0.4525406350348243,0.18590215166815036,0.03464094609426054,0.31907142503007807,-0.11064667581971394,0.18838323831445983,14.14,11,3.14
-1.0508350810547025,2.4130038450546425,2.716892358534928,2.2870840987652894,-1.2416191844249922,-1.2430447642221976,-0.44855516477682245,-0.44615393386178154,0.6116378284327987,-0.6883241811242693,12.85,16,3.15
-2.7048412226646525,-2.8481108603769867,-0.9545674138049933,2.1790488311553564,1.0686224210135273,-1.4408961238254523,-1.2349030089250062,-0.35578417430657594,0.9583739244511681,0.4257071625598211,21.79,25,3.21
-1.0201226167729367,0.740632093724912,1.3142119623509012,1.3543951497679028,-1.4312024108762194,0.014446801513003558,0.7252684576092894,-0.7553705181184913,0.8476659103904634,0.7457289190708192,13.76,17,3.24
-1.3261687347537272,2.9042230660912707,-1.4997529940439969,-0.39765939167974457,0.92206267726289,-1.2146593202322022,0.04836477549296369,0.2507031668514132,-0.39252971262455333,-0.6497049136195449,18.26,15,3.26
3.7132451439233405,-3.0034452639042852,-4.018251129769902,-1.6134275338117199,-3.8984622448461668,0.7881914400876036,0.6730722886788134,2.59319711696309,1.669295860642653,-1.0896576142079926,33.27,30,3.27
-1.0470293195508757,2.381164308394786,-1.9153341765015073,-0.35660973784107464,-1.1716902993595613,-0.9113620440077858,1.8696364641619023,-0.5379025048491015,0.3179935671758424,0.9092027008011188,9.71,13,3.29
0.5776989194926808,0.09802526040146255,3.424878187477799,-0.7428697680427578,0.1623311974663751,-2.041238562231155,1.4893635889191956,0.6480051081297239,-0.5941771967312103,0.5129490366281805,26.38,23,3.38
1.9887111200951413,2.021667764607532,-5.498476805283553,-2.075887788553586,0.5663968414695072,-1.6341294310589973,-1.668009713437784,0.806431004139338,-0.1845034677138758,-0.13253019492248447,39.5,43,3.5
-1.351980373054508,1.4403268433697807,-1.175692447664808,-1.1731443331605522,0.10695203786785375,-1.5379393846926792,-0.7307518897441614,-0.11258016830632102,-0.12350318662715185,0.525547270466655,18.32,22,3.68
-5.578399490848468,-0.1851065218246678,1.9630977053835155,-3.9615567042360142,-0.3531449313154819,2.4413646199652774,1.474149865116492,0.1245341960794936,0.13189471540770595,-0.056692747067162846,6.75,3,3.75
-6.335738333602866,-0.7951038082517549,-3.5577161522356917,-2.918651394353096,1.804120585367492,-1.535465320772056,0.4358625645850754,1.0043580922018926,0.33605203433080105,-0.382193053240566,10.75,7,3.75
4.061769670068784,1.776361455528258,-0.5594307934700957,-3.3678764029199786,0.21969366969917262,-0.7887179173001341,-0.648227910863374,-0.5049725244606915,0.4099493962505255,0.039058282034597686,45.24,49,3.76
-1.8958666762222485,-1.3279948067538776,-2.901150173950345,1.4983284906799703,0.32281391689358413,-0.14512703350602751,1.7554682891645015,0.09658693155766725,-0.13464893686000523,-0.5587666634492915,12.22,16,3.78
1.611824979258904,0.2224849428927519,-1.2384036730874641,3.478842226148366,-0.24142150044265429,2.795277189554174,2.8542558086081957,1.5950665997407356,1.1006887435745596,-0.17159610839484035,28.88,25,3.88
-3.5549338719551176,-2.1978499607882753,0.8605665111725691,2.232129333191372,-1.6886867555617688,-1.5386904946501336,0.3408608544189864,0.09546321645954994,0.04851602737136315,-0.2809864168693773,6.91,3,3.91
-0.5178092684596037,0.8467517987495646,0.9597179093489304,1.0904786551323005,-2.53745922972552,-0.5485716215809677,1.1217331671611974,-0.8006995334299328,-0.32230078186707134,-0.48433934818991237,11.91,8,3.91
-3.813146859053928,0.903997918327639,-0.3838256223851182,2.887719701225691,0.99945228997953,1.5316026932958717,0.9480410750381651,0.7649272713405071,0.009601849780783777,-1.3731204295000063,9.07,13,3.93
7.660269483094529,1.6227379990428423,-0.3625841722056879,2.111309696486948,0.7834482215849318,1.4723083604995924,-0.32297626123042683,-0.674813941350978,0.04171427798198687,0.22424813229587723,66.97,63,3.97
-3.6678200130926024,0.7706052915914782,1.7768438864364045,-0.9173918227374037,-0.6764312123043403,1.072476272804204,1.2524953344645569,0.052477428624725195,0.6062638202699209,-0.2714000396978568,5.95,10,4.05
-1.5416512092148438,0.38973114699511024,-2.709621850208709,-0.9612955721237749,-0.26066607224066796,0.0908994642594271,-0.12015794557206746,0.15633483731645773,-0.7137444418027635,0.8203509470312577,17.81,22,4.19
-3.9127513697101337,-0.3760963577989323,0.041466374758716174,0.8427608857196955,1.021278800981623,-1.9601267139874503,0.44237615596496976,-0.1500166791038962,1.5425383667182477,-0.193279257436427,10.2,6,4.2
0.7853658714218089,-2.3639183833210615,1.5292463028037682,-4.310035131465785,2.1700556500859145,1.1497674646706562,0.17626028662908244,-1.0591406986676126,-0.27393597317349105,-0.9371587449636883,41.78,46,4.22
-2.003631063844072,-3.188506009305707,2.1952053514252836,-0.6493488213450326,3.428816236966622,-4.6678022862597555,0.9657868396829475,1.4928451187009786,0.551532604704017,0.11518582994332888,26.26,22,4.26
6.018335168547251,-1.9558822132633762,-0.9257979475616045,1.6954601801741542,0.9893497993058299,2.0951781707406645,0.015853934281359172,0.14683201466537538,0.35129072448629917,0.5526470316524368,56.73,61,4.27
-1.535367949352674,-1.8074973030602166,-2.1431744984415246,0.5572210301977102,-1.3488503904528089,0.35638403027459115,2.047120506684083,0.140016247980665,-0.4530237755031905,-0.19809592155591893,9.28,5,4.28
1.6290266876807762,-0.8774294403969967,-0.9447253774653399,-0.9708264094660016,1.1591814930151583,-3.195567894404406,0.008049544928657379,-0.36354912887626567,0.3852477557163742,1.1756329550264104,35.28,31,4.28
-4.584523115216241,1.9379351743083335,-3.2662818163881435,-1.3087746022803433,-0.008905077902319421,0.7392676177858601,-0.11373791450529147,1.5807595764965359,-1.286978665817671,0.09706907701603186,6.4,2,4.4
-0.944429819798497,-2.275760550305054,2.047218621677178,0.7636328431425183,-2.014139355753851,-0.28134263958917716,-1.8469582778791132,-0.2520987217522426,-0.4696221402518856,0.9942180900828385,22.41,18,4.41
-1.3637724233263062,0.6069885077651456,4.733585758900098,-0.345059558549268,-0.43911222522498616,-1.5286757034016858,1.9348856519304598,0.6493864257483213,0.6427075643864089,0.9011054888977721,10.49,6,4.49
3.1759646525452934,-3.9193524332623415,-2.150741417672134,0.20425658193992136,2.1871581666691458,-1.314492958975774,3.297052543702034,1.2937188747014188,0.31840081937497156,0.1206200783160931,48.5,44,4.5
0.2911214475399987,3.2449165242629476,-0.8266166011713628,-1.6737914755183168,0.4308199376556668,-0.25464239982194004,-0.963358445798366,0.28144136136250286,-0.4109491205129876,0.2840474667714445,30.55,26,4.55
1.392163330542809,1.9120997298075164,1.0061651628629817,0.5618688358219484,-0.7331166855626836,0.39240626795685063,0.7632576087218578,-1.1374382523186761,0.4738019291156807,0.5515989023335612,27.66,23,4.66
5.319838818510847,-0.7786652260039644,-3.247332209364782,-0.5127088097165917,-1.631868836697715,-1.7076486970414526,-2.998415409929254,0.4891411609879663,2.0371179754233544,-0.4931302389309921,49.25,54,4.75
1.3196069173316922,1.520935091675231,-0.40926579856155376,1.3761279381460758,1.624662233352945,0.8175429261144456,-0.79512683436668,-0.30142416872443045,-0.22671168714985354,0.11240662410327687,42.81,38,4.81
-2.034259075434118,0.7236853100276962,-1.1008169316606686,3.7903203352426416,0.0014862241976428946,-1.0295345779771703,1.523919514411956,-0.8964599813548515,1.303520454260468,-0.05694957491036118,10.91,6,4.91
-5.1057173944313385,-3.5529588766441083,1.0894046377833249,4.570939165156508,-2.631546510378743,1.345957158377238,-2.426268054138471,0.9520966705204038,-0.4429589761521591,0.773938855735085,9.94,5,4.94
2.581031678662712,-1.4933109238107969,1.8274202704434521,-0.8200096292306707,-1.1849110552201476,-1.090092125510883,-0.6626959470910845,-0.4179702447006701,-0.2701811162660122,0.11040666796224545,34.03,39,4.97
-1.846668935696409,0.6030122552097215,-0.5013094581539649,-0.8493288578733511,1.2795208802631288,0.3593906752015204,-1.5389399112785773,0.35537420365218736,-0.3893968726839025,-0.22010771775454305,27.06,22,5.06
-4.2738522649197215,-1.7350808124078008,-1.1021169299922988,-0.3510940262492683,0.37442099172798843,-0.6699083662452112,-1.6383183600649174,0.44558385932891126,-0.14993583890978246,0.4713839593855537,13.87,19,5.13
-2.7994833291027716,3.299118610323569,-0.6913140501247916,2.6496099458918714,-1.0726752315278305,-0.3508755741540518,0.27793641499309335,0.7038884504047301,0.08739379905410444,-0.8232950337889514,7.15,2,5.15
1.0541281987731477,0.21485977177963156,0.34312285383918895,-0.5300028555127332,-0.42781178504039813,1.2027270521597537,-0.3415092019766492,-0.7484635910899842,-0.5076179611514517,-0.18176438667300754,29.74,35,5.26
2.170352992646554,1.2124174687623726,-0.8407440933921503,2.4060131820828716,1.978049993347886,1.009357003903969,-0.6419972546100577,-0.5973590157237879,0.7771895813430594,0.7138251318187205,48.33,43,5.33
-3.502043352588232,0.08671160823857309,0.7141655155328915,0.9579039679584606,0.8409149537565992,-0.9958050547436426,0.4083024825912706,0.19565379054228785,0.5898559809815308,-1.1231439408029276,10.58,16,5.42
0.11955978364348506,2.869450622273071,2.0779615646922216,-0.41264772818544,-1.9160750671122582,-0.6932666297305703,0.8223182753125357,-0.8643140786854148,0.22391242371267714,0.689286059879046,12.52,18,5.48
-1.2592874157201757,1.9219480086318033,-0.3347682577642582,-0.8104495256268806,0.013464882440939532,1.0943183842807531,-1.5230700480716568,0.12799496537617505,-0.21642994285392922,0.7635387150590239,22.5,17,5.5
0.8567286615101934,0.1481591580251805,-0.16566853795886877,1.2597987613165353,-0.7794693000386573,-0.44724363109966997,0.6282134792511703,-0.8801827663939995,-0.9612728723634094,-0.9837248013733194,24.5,30,5.5
-0.1999046691409655,0.7432331614858928,-2.2235060556216566,2.4236022141101223,1.0531331227557261,1.6986618016580928,-1.1492300853329407,0.2263798512992379,-0.8733538429800666,-0.3993762984074233,33.56,28,5.56
-4.983453077638565,-1.7081201696211077,0.7848386495565703,2.3304129389254085,-0.40747714416165226,2.2850939406313815,-0.4749068715144402,0.9844691747475032,-0.500717481664215,-0.8825243880539974,7.63,2,5.63
1.820254339852395,3.1791525694427745,1.2363382832663408,-0.23313294071126367,-0.8067065716429811,-0.6609788550572334,-1.5089323720878351,-0.34416020789403157,0.5872082990490428,0.35295623884374744,33.34,39,5.66
-0.16241191135216537,0.4269342384762793,1.8343796756878235,1.2651371950479646,0.4083204524611393,0.822465798971519,-1.0735234164410536,-0.36281988524846226,0.23539508227675007,0.16683403161838145,29.34,35,5.66
-1.144112298076493,0.1308036970758591,-2.3256174380744103,2.1218992105725585,0.5898457463452276,-1.5553488420217114,1.2520323198031662,-0.7843158772588675,0.5062418578282221,-0.38174162914072346,19.66,14,5.66
-3.560678120065156,0.6613158111532199,0.0458127449946385,2.024610727039117,-0.08562459956685377,0.04903728695099323,0.7565597967386068,0.03862629847154586,0.8750848249599394,-0.23243028847449643,7.67,2,5.67
-3.9690610787216523,1.3145123053095344,-0.1651339408553727,-0.13467034657477964,-1.793755415925377,0.858052046355427,-0.5689375269517831,0.2924178350954764,-0.24900001523936724,0.9138221716239788,6.69,1,5.69
-4.250639078043013,-0.5604761483130078,3.5646214314877755,-0.5481819072330876,0.3642682854473149,1.3373041213501036,0.5645241336359424,-0.12486739006265449,0.503143564911943,-0.9888732084179929,8.24,14,5.76
-0.40447159894833906,0.4611828798522756,-0.5209333829289686,-1.2368393864527565,0.7814228734758725,0.4205778738349897,0.746048866902857,-0.5274791176254131,0.3197837973745614,0.5561596359967635,22.13,28,5.87
-0.697552040804129,0.8308416630611606,-1.8837066319736497,1.8129637841973687,0.8686432572250079,1.1797180354032013,-1.368953118266766,0.56542797196226,-0.7259811911160504,-0.557526998676509,31.89,26,5.89
-1.0713158554383715,1.903080980157415,-0.9524097410780707,-1.5206858669942498,-0.5237195474195196,-0.2714302789489035,0.07261360849849827,-0.28651990184207615,-0.3955542748362649,0.5680634826371983,17.98,12,5.98
1.1241787534297167,-0.7998655626330625,4.50868026714553,-2.2410815609396475,-0.7801689392168426,-0.20727429181385082,0.37473735761781557,-0.10727320111600487,-1.3629385828713183,-0.5561548622723311,28.94,35,6.06
0.23981032978144373,1.115677820485187,-1.9180158061118981,-0.05718973594490932,-1.086754854774066,-0.13497608734932803,-0.2656677708306388,0.140448963972986,-1.3725910284355136,-0.8369678895089442,20.9,27,6.1
0.48469542359024154,0.631705422998902,1.7564213907299786,0.39139115426729604,-1.2781822071551585,-0.7292176358373279,-0.2252396198088769,-1.1709438435562103,0.39078846279788965,1.068251494059806,21.79,28,6.21
3.6111065940485196,-1.3616842548423442,-0.8856264030526146,-3.7829692242121467,0.5630267143994382,1.5668054516241015,-1.2418372899073562,-0.7661705894905204,0.3491113245342805,0.21079894058203077,49.69,56,6.31
1.6883227237929588,1.3803533226441582,0.9646980488494773,-0.32459928176899444,-0.890956533755066,-0.19871478576719603,1.1149130315289075,-1.4166472236704666,-0.1525762362060823,0.15057498973426736,26.52,33,6.48
0.6938170528275623,-2.9868508889210217,-1.5476211523929473,-3.4792186964057836,1.7281682664894558,-1.0557329230142076,-0.866065398285845,-0.5235077255479731,-0.6305707836019301,-1.3209383186734662,44.75,38,6.75
1.9019531177664022,1.9857729232466799,0.8844039180686244,-3.173047493932056,-2.950181563287514,-1.7635493781722078,-3.1986574078920564,1.379590291130971,2.5036748961830795,-0.37906943821682537,28.83,22,6.83
0.3989988665152977,4.827051633214567,-0.7785337485290745,-0.8939243529449337,-0.4436488095381993,-0.4393621556151767,0.8902899354792363,-0.002852613967933527,-0.34642587504286126,-0.04244244123738304,22.86,16,6.86
-1.864989711390817,-2.6217979920605337,-5.65392263430001,3.080020893138739,0.40352922895767485,-1.42313687348437,-1.0966649937323643,-0.1956061551449855,0.07151176010038504,0.5502689339931005,20.1,27,6.9
-1.70063783654007,0.32190810245840207,0.840377017853813,1.0329784070141161,-0.512023162647902,0.1440130768878596,0.7102579683896576,-0.7501487534909641,0.7973318601968419,0.36222744092781917,12.07,19,6.93
5.759503521139096,1.836329088846593,-0.5126560867358554,-3.1400038070514698,0.875127835937509,0.7747310756371085,-1.6735242572634503,-0.5566816417073468,0.35779531027280526,0.2860487786245514,55.05,62,6.95
-0.29366822119296887,1.2932613496901397,-0.27330215878095,-3.968291502770276,-0.2894027726744479,-0.6160530241946758,-3.073171631626189,1.1318646485023303,1.2507317789081305,-0.21292724373865723,25.05,32,6.95
0.33484537673335013,2.366518414001436,-0.055338323464773485,2.77371172244126,0.7597664562424797,0.3628423027185276,-1.3667634305258776,0.005976457710382527,-0.10905331446940447,-0.6523388881130893,32.05,25,7.05
4.7829288103481815,0.22803783551577358,-0.24987737987384706,-2.234921535813188,0.08905313298633465,3.2363414179112318,1.7286471600623967,-0.021186355024819026,0.23314814892224053,1.0966907652104523,47.84,55,7.16
0.5763397140622535,0.39665065598207455,-0.7434477648629232,0.6408971999756401,1.273247118744612,1.4796552161911758,-1.1553777302924662,-0.1221666338944194,-0.5077664935031891,0.1184131181077551,37.28,30,7.28
0.48504627303271985,-4.655062646879075,-3.8563179474803846,-0.0542245527002676,3.438397810037001,-2.639669330576207,-0.6951430950878407,-1.2386580695135625,0.43164850318472253,-0.8905145768733947,46.7,54,7.3
-1.551495969098358,0.44494564131774894,1.0613655596831055,1.8615033202682603,0.8526107286351043,0.8516572477975196,-1.4536265125986965,0.1905089672985309,0.0012188532713393561,-0.37596276389939803,22.69,30,7.31
-0.19246944768589286,-0.6982087280147699,-2.7365744923930646,0.6507574413266001,0.7537983828156619,0.5730064308186221,-0.09357625199304051,-0.06659563837751624,-0.49861013602332366,0.055008269303777474,32.35,25,7.35
-0.3635509854653112,-3.2081712102734508,-1.4224055069578474,0.8650332953888247,-3.1549976577047327,-0.9833306648085792,-1.4067742352296362,-0.13607446348452065,-0.24704658221001738,0.16188884078812846,20.37,28,7.63
-1.0807273829066812,0.798744187026774,-2.447489642491334,0.06354383047410604,-0.8277243762242988,-0.5098984347650258,-0.11445719922308667,0.05737095811195761,-0.7123916437685844,0.39497406989009265,17.96,10,7.96
-0.712599486037304,1.4406863277305189,1.570262553340578,0.7448436077134047,0.33987363949179333,0.8808984215706311,1.2372773922578526,-0.3432074854433512,0.3355676400017972,-0.3557095421154077,19.98,12,7.98
-0.7511152662595609,1.33086622008773,-1.163085449906735,0.3754722629237255,0.20598625915613322,0.4890386013389005,0.26732561853781545,-0.03411014695516877,-0.45573307315829986,0.022468608215479167,22.05,14,8.05
4.493150286861872,-1.6225410005030638,2.3094935837862436,-0.6777534349160381,-0.6146937715347814,-0.49980017818882616,-2.084068083897396,-0.058605816247749756,-0.22886922333835144,-0.3069692314580453,50.94,59,8.06
-1.8032752339927696,-0.4375475267747278,1.7204950063857176,0.8380455359739595,-0.22694736307626387,0.13716303255034729,-0.4818374723116717,-0.25975936196995747,0.5494144120113577,0.47769010111346166,14.71,23,8.29
-0.6217809683820084,2.1088933522667332,-0.04914184209273859,-0.32609073104738895,1.8799106913218735,1.1589528369525648,-1.9424262629088398,0.4324334966259824,-0.08984440983028416,0.330696690728393,38.48,30,8.48
-2.5813860309787553,0.2690700745718489,-3.673482520934702,-0.3500113610974403,-0.7627739713745777,-0.4776451716062265,0.04501648947422895,0.46612511299935744,-0.9944081107888295,0.07510646795946907,12.76,4,8.76
8.666184539183028,-1.8301955752958639,1.2937531003952523,2.1746187824909544,-2.1767029064703167,0.3871745980603325,1.7993802530028875,2.486329062799123,1.2077889156113017,1.1929231259850273,49.05,58,8.95
0.09483870434368936,-1.5445882149776093,2.0542722099688295,-3.347210258424725,-2.6016321718511937,0.741117733858369,0.10724312501798614,-0.39612629382145503,0.45002558819565647,0.34081724957001813,17.93,27,9.07
-1.7831949840919625,1.8466778638036443,-2.8681226538257367,-1.5031335101662875,-0.2797080211112818,0.7300895666100569,-0.1393349551892917,0.8016878403919883,-1.2071681245875396,0.070967535918186,14.55,24,9.45
-1.9005572078747255,-5.1322745173016315,1.0738149425513064,1.3879877078761995,-2.934820438289081,-0.7659584990462825,0.2069554958218573,-1.0613345680873731,-0.3593199779350764,0.25006978946782005,12.67,3,9.67
3.036998879343011,-2.4704912426646093,-1.3932511604998559,1.7812618389094113,-2.2407394475667224,0.40636017404962876,0.5017802125750219,0.36692440116430364,0.11955482763867428,0.032760840854927864,28.23,38,9.77
-3.0760652499040706,-2.8893108100727622,1.8310278207333883,-3.9674443715761343,-0.6090143683290112,2.8594842947423635,-0.09937431504702848,-0.4521375384663011,-0.5539083338738838,0.42984151204029,14.22,24,9.78
3.3817799063587715,0.8030037756869685,-3.3823992978620563,0.9513359875582015,1.0546074170704893,0.7157712484090785,-1.5352232051096786,-0.4574790464376837,-1.297619105462616,0.5596431460358068,50.17,60,9.83
2.6718632973783323,1.9565022710408428,2.1012554999919284,0.8363413073668092,1.3958752896277193,0.5883802854990217,-0.14166056219470446,-0.9148582564860757,0.5608035452239416,-0.3546771907968661,40.87,51,10.13
-1.3421600888957832,2.049065961156963,-0.7409951335127914,-3.864417469695433,-0.5251207678975743,-0.24044935226921604,-0.8209739027233595,0.41971671546541034,-0.2204769797339487,0.7247522495789669,16.86,27,10.14
2.275940302582759,-1.1225476852312093,2.764476407926503,0.033959286428279674,-0.7288998456851866,-2.157137698054098,2.756609624942702,0.6452123959914869,-1.7320231359120348,0.6702388666919263,27.18,17,10.18
-2.260258937534018,-4.519447961546489,3.7703580862201016,1.6049493221400177,-2.1455025799311356,-0.43147865608654723,-3.668185562477655,-0.14486652963379565,-0.8005995083692996,0.6690283107911207,15.71,26,10.29
3.5794808708386574,4.609697125722259,0.6530663437267896,-1.8426357728096414,-1.2322245179219058,-1.044657606771728,-1.388358759562659,0.014513940131765952,1.078834064941471,-0.00531493318068655,43.53,33,10.53
-3.158131973817944,-2.2883096777763465,-0.8978827924243451,1.080786015873361,-0.046892061486448436,-0.38046866873803187,-1.8356995594722676,0.4451780256093058,-0.793236560986496,-0.6466664984859015,18.77,7,11.77
-5.731926674260319,0.24063355576064377,-2.0020198241450906,2.178911627594499,2.2607445208155985,-2.1705850095871075,-0.9247804134552605,0.8832611213145288,1.7203938831155887,-0.20347234599174288,16.47,4,12.47
2.6202904370575357,-0.5093193890167865,-2.850865749048576,0.7361492816027159,1.7314095159563683,1.113036895104345,1.2290219657104882,0.6951281634323185,0.29436489467370147,0.14260652150361858,43.85,31,12.85
-1.1660694779646363,-2.1101825548748683,0.7239742088675845,0.31487511275171065,2.134849470025677,-3.090749550594944,1.3247461928260074,0.27594865430151805,0.7854624581190667,0.17054617288939397,30.29,17,13.29
-4.168751207925556,-3.6434374473348394,-4.255204091112904,-3.857010312686398,2.2842347434844696,1.5288123038851287,0.6099186127924754,0.6108268178549499,-1.5465845082492482,-1.1792520978293342,12.42,26,13.58
-0.39137350618673483,-1.640272831586923,-0.32598117499144597,-1.841487445299879,0.799805552357991,0.9200655486684142,0.4066913584748017,-0.9689412791791311,-0.19941543665966657,-0.12366911891529085,27.81,43,15.19
1.6235111831553541,-0.682690061319552,0.9451322754712826,0.9295181701995893,-0.5522591204101066,3.502708333796316,4.624404786852134,1.0074399247795762,1.4104395353926202,-0.17204205910940898,28.77,11,17.77
-1.9353763921530398,-4.457880693770688,0.2982961077059925,-2.7324449580083034,0.18036503910685775,1.4624657374301744,-3.162275417211333,0.5369518631936175,-1.4932323028485817,0.8159991240895536,22.22,45,22.78
